idbarrio#,namebarrio,id_barrio,No lee %,Asiste a Educación 5-21 años,Asiste a Educación superior,Desempleo,Estrato,barrio,Pertenenci,Cluster,cluster
101,Terron Colorado,0101,0.037507065,0.64761159,0.176180445,0.212204207,2,Terron Colorado,0.025206813,2,4
102,Vista Hermosa,0102,0.044552846,0.62373194,0.142439024,0.20696099,1,Vista Hermosa,0.024790859,2,4
196,Sector Patio Bonito,0196,0.049597507,0.61852861,0.109062581,0.210644258,1,Sector Patio Bonito,0.044874939,2,4
199,Aguacatal,0199,0.040187052,0.673977225,0.281747771,0.178117851,1,Aguacatal,0.037469119,2,1
201,Santa Rita,0201,0.014354067,0.79,0.637320574,0.088495575,6,Santa Rita,0.037209302,1,0
202,Santa Teresita,0202,0.006909789,0.883977901,0.684836852,0.091876972,6,Santa Teresita,0.030574198,1,0
203,Arboledas,0203,0.020385675,0.834170854,0.58677686,0.118777293,6,Arboledas,0.021354167,1,0
204,Normandia,0204,0.020070838,0.879781421,0.638134593,0.101359703,6,Normandia,0.029663434,1,0
205,Juanambu,0205,0.011851852,0.855319149,0.67037037,0.096431283,5,Juanambú,0.033837293,1,0
206,Centenario,0206,0.006387509,0.813471503,0.580553584,0.092430859,5,Centenario,0.042420028,1,0
207,Granada,0207,0.006469501,0.764127764,0.57116451,0.103459119,4,Granada,0.056660639,1,0
208,Versalles,0208,0.014728682,0.864661654,0.570542636,0.128751975,5,Versalles,0.031273837,1,0
209,San Vicente,0209,0.015763945,0.691823899,0.531932094,0.161384487,4,San Vicente,0.028368794,1,0
210,Santa Monica,0210,0.009349435,0.779220779,0.587066615,0.108505564,5,Santa Mónica,0.033218786,1,0
211,Prados del Norte,0211,0.011114123,0.773766546,0.585388994,0.127130682,5,Prados del Norte,0.033959819,1,0
212,La Flora,0212,0.007537012,0.836389281,0.593539704,0.136628714,5,La Flora,0.035005225,1,0
213,La Campiña,0213,0.012452626,0.696335079,0.514347591,0.170594837,4,La Campiña,0.040709812,1,0
214,La Paz,0214,0.00802139,0.658536585,0.454545455,0.152354571,3,La Paz,0.043367347,1,0
215,El Bosque,0215,0.008578888,0.786283892,0.575904513,0.133980583,5,El Bosque,0.028315412,1,0
216,Menga,0216,0.01951952,0.614457831,0.489489489,0.151273885,6,Menga,0.047752809,1,0
217,Ciudad de Los Alamos,0217,0.01612347,0.758721878,0.488360062,0.158171594,3,Ciudad de Los Alamos,0.047508691,1,0
218,Chipichape,0218,0.016025641,0.915492958,0.612980769,0.131092437,5,Chipichape,0.025902669,1,0
219,Brisas de Los Alamos,0219,0.0199443,0.676556137,0.394034678,0.178670493,3,Brisas de Los Alamos,0.049957519,2,1
293,Urbanizacion La Merced,0293,0.01210121,0.80878553,0.545929593,0.162757437,4,Urbanización La Merced,0.046654226,1,0
294,Vipasa,0294,0.010251631,0.747846515,0.539608574,0.143874413,4,Vipasa,0.03371463,1,0
295,Urbanizacion La Flora,0295,0.011627907,0.873308067,0.618036777,0.111190003,5,Urbanización La Flora,0.026370217,1,0
296,Altos de Menga,0296,0.044375645,0.52994464,0.141382869,0.205716858,1,Altos de Menga,0.094325005,0,4
297,Sector Altos de Normandia - Bataclan,0297,0.028448948,0.830618893,0.540919719,0.121325052,1,Alto Normandia,0.031629275,1,0
298,Area en Desarrollo - Parque del Amor,0298,0.019954819,0.88172043,0.65248494,0.110078772,5,Senderos de La Flora,0.014607533,1,0
301,El Nacional,0301,0.016072325,0.317241379,0.241587142,0.213184476,2,El Nacional,0.021676301,0,3
302,El Peñon,0302,0.004573171,0.648854962,0.650914634,0.116873065,5,El Peñón,0.034251675,1,0
303,San Antonio,0303,0.013229572,0.718550107,0.449805447,0.175452716,3,San Antonio,0.021124104,1,0
304,San Cayetano,0304,0.018138801,0.591187271,0.376708728,0.179836512,3,San Cayetano,0.020225294,2,1
305,Los Libertadores,0305,0.016123725,0.229711142,0.375123396,0.166094715,3,Los Libertadores,0.027121889,0,3
306,San Juan Bosco,0306,0.052809749,0.579175705,0.203791469,0.168052042,3,San Juan Bosco,0.039032258,2,4
307,Santa Rosa,0307,0.031421838,0.580381471,0.266300079,0.161740558,3,Santa Rosa,0.05496988,2,1
308,La Merced,0308,0.017910448,0.456140351,0.394029851,0.108024691,3,La Merced,0.063583815,2,3
309,San Pascual,0309,0.065443728,0.283916084,0.129895885,0.159591617,1,San Pascual,0.069092584,0,3
310,El Calvario,0310,0.106329114,0.157534247,0.029113924,0.116778523,3,El Calvario,0.088967972,0,3
311,San Pedro,0311,0.022883295,0.507692308,0.226544622,0.105263158,3,San Pedro,0.13876652,2,4
312,San Nicolas,0312,0.037141846,0.528432732,0.175097276,0.168946396,2,San Nicolás,0.104726284,0,4
313,El Hoyo,0313,0.051912568,0.403508772,0.166666667,0.198830409,3,El Hoyo,0.169712794,0,4
314,El Piloto,0314,0.039711191,0.413173653,0.180505415,0.174664107,2,El Piloto,0.118466899,0,4
315,Navarro - La Chanca,0315,0.010471204,0.249169435,0.47556719,0.135824977,3,Navarro - La Chanca,0.027989822,2,3
401,Jorge Isaacs,0401,0.037826685,0.563474388,0.178129298,0.186599424,2,Jorge Isaacs,0.109660574,2,4
402,Santander,0402,0.024523161,0.583038869,0.227974569,0.183460076,2,Santander,0.095155709,2,4
403,Porvenir,0403,0.03115727,0.711375212,0.239861523,0.18238666,2,Porvenir,0.14,2,1
404,Las Delicias,0404,0.0228471,0.75944334,0.352372583,0.164239231,3,Las Delicias,0.142937535,2,1
405,Manzanares,0405,0.011564626,0.796008869,0.427891156,0.124819625,3,Manzanares,0.082474227,1,0
406,Salomia,0406,0.019762123,0.764942915,0.34547118,0.193641618,3,Salomia,0.11512178,2,1
407,Fatima,0407,0.031128405,0.594594595,0.149805447,0.195918367,2,Fátima,0.031365314,2,4
408,Sultana - Berlin - San Francisco,0408,0.019077901,0.637393768,0.26391097,0.192629816,2,Sultana - Berlín - San Francisco,0.205792683,2,1
410,Popular,0410,0.019704433,0.744680851,0.270935961,0.210434783,3,Popular,0.059467919,2,1
411,Ignacio Rengifo,0411,0.025551684,0.556756757,0.196864111,0.206535142,3,Ignacio Rengifo,0.056500274,2,4
412,Guillermo Valencia,0412,0.022048016,0.557142857,0.185203332,0.22541841,2,Guillermo Valencia,0.046360686,2,4
413,La Isla,0413,0.043298258,0.43802521,0.109539417,0.251110289,2,La Isla,0.122002936,0,4
414,Marco Fidel Suarez,0414,0.033751205,0.597359736,0.144648023,0.215605749,2,Marco Fidel Suárez,0.033944954,2,4
415,Evaristo Garcia,0415,0.022727273,0.688622754,0.232954545,0.19846678,2,Evaristo Garcia,0.059143969,2,1
416,La Esmeralda,0416,0.018147087,0.707154742,0.334288443,0.177031093,2,La Esmeralda,0.053040695,2,1
417,Bolivariano,0417,0.042780749,0.596638655,0.193404635,0.220630372,2,Bolivariano,0.108952703,2,4
418,Olaya Herrera,0418,0.035790762,0.611111111,0.193943102,0.210955331,2,Olaya Herrera,0.094862814,2,4
419,Unidad Residencial Bueno Madrid,0419,0.017488076,0.274853801,0.284578696,0.206081081,2,Unidad Residencial Bueno Madrid,0.081818182,0,3
420,Flora Industrial,0420,0.014517506,0.693094629,0.339026473,0.183303085,3,Flora Industrial,0.050529747,2,1
421,Calima,0421,0.012477718,0.680221811,0.325439267,0.206417112,3,Calima,0.052823759,2,1
497,La Alianza,0497,0.011213048,0.895061728,0.496432212,0.118303571,3,La Alianza,0.130929791,1,0
501,El Sena,0501,0.020876213,0.755787037,0.372096442,0.183758701,3,El Sena,0.089609287,2,1
502,Los Andes,0502,0.015419083,0.743083004,0.463099631,0.198673667,3,Los Andes,0.088031278,1,0
503,Los Guayacanes,0503,0.017466372,0.539929329,0.34762096,0.208576584,3,Los Guayacanes,0.131354715,2,1
504,Chiminangos II,0504,0.01280426,0.728873239,0.342545639,0.177233815,3,Chiminangos II,0.221065375,2,1
505,Chiminangos I,0505,0.01526922,0.706472197,0.294669167,0.202424584,3,Chiminangos I,0.350025549,2,1
506,Metropolitano del Norte,0506,0.013065647,0.729474306,0.450446144,0.177325096,3,Metropolitano del Norte,0.228029956,1,1
594,Los Parques Barranquilla,0594,0.016038198,0.773920065,0.437438786,0.199558269,3,Los Parques Barranquilla,0.069846082,1,0
595,Villa del Sol,0595,0.012439921,0.854304636,0.535482047,0.143539242,4,Villa del Sol,0.152743985,1,0
596,Paseo de Los Almendros,0596,0.014202172,0.730600293,0.42481203,0.205959684,3,Paseo de Los Almendros,0.097238896,1,1
597,Los Andes B - La Riviera,0597,0.010769844,0.208391608,0.435779817,0.184277801,3,Los Andes B - La Riviera,0.083269525,0,3
598,Torres de Comfandi,0598,0.013996176,0.778654048,0.467456979,0.186313323,3,Torres de Comfandi,0.055421157,1,0
599,Villa del Prado - El Guabito,0599,0.014761766,0.700110742,0.391040631,0.181530384,3,Villa del Prado - El Guabito,0.098517023,2,1
601,San Luis,0601,0.026534695,0.69024472,0.224807834,0.227130045,2,San Luis,0.043814692,2,1
602,Jorge Eliecer Gaitan,0602,0.020580147,0.684405613,0.280493214,0.196447034,2,Jorge Eliécer Gaitán,0.187399848,2,1
603,Paso del Comercio,0603,0.032423669,0.627061311,0.216833288,0.211841155,2,Paso del Comercio,0.099073957,2,4
604,Los Alcazares,0604,0.019854084,0.601133546,0.290515489,0.199058764,3,Los Alcazares,0.090672107,2,1
605,Petecuy Primera Etapa,0605,0.041642456,0.498207885,0.084447027,0.255140579,2,Petecuy Primera Etapa,0.103561047,0,4
606,Petecuy Segunda Etapa,0606,0.039800995,0.566614826,0.117298125,0.248041237,2,Petecuy Segunda Etapa,0.109751709,0,4
607,La Rivera Primera Etapa,0607,0.024167403,0.645968489,0.229885057,0.221732283,2,La Rivera I,0.1640625,2,1
608,Los Guaduales,0608,0.017078916,0.749516815,0.352532391,0.172940738,3,Los Guaduales,0.088490587,2,1
609,Petecuy Tercera Etapa,0609,0.039500436,0.643312102,0.088585536,0.264317181,2,Petecuy Tercera Etapa,0.128892499,0,4
610,Ciudadela Floralia,0610,0.027641742,0.62374649,0.194938373,0.230945417,2,Ciudadela Floralia,0.097118959,2,4
695,Fonaviemcali,0695,0.016877637,0.762439807,0.318037975,0.217002237,3,Fonaviemcali,0.099699399,2,1
696,San Luis II,0696,0.028686736,0.606070604,0.168630017,0.229280167,2,San Luis II,0.115531673,2,4
697,Urbanizacion Calimio,0697,0.030188679,0.619685039,0.178415094,0.208482871,2,Urbanización Calimio,0.103769589,2,4
698,Sector Puente del Comercio,0698,0.021160822,0.701089777,0.376511487,0.17392,2,Sector Puente del Comercio,0.078875663,2,1
701,Alfonso López P. 1a. Etapa,0701,0.03453208,0.60615199,0.157948508,0.205283434,2,Alfonso Lopez P. 1a Etapa,0.175875036,0,4
702,Alfonso López P. 2a. Etapa,0702,0.03761594,0.691268191,0.186533837,0.211676152,3,Alfonso Lopez P. 2a Etapa,0.15284128,2,1
703,Alfonso López P. 3a. Etapa,0703,0.034701907,0.630119723,0.190154343,0.228752552,3,Alfonso Lopez P. 3a Etapa,0.12430622,2,4
704,Puerto Nuevo,0704,0.075496689,0.590443686,0.074172185,0.252906977,1,Puerto Nuevo,0.221260816,0,2
705,Puerto Mallarino,0705,0.052538631,0.484957882,0.088300221,0.263384321,2,Puerto Mallarino,0.248855597,0,2
706,Urbanizacion El Angel del Hogar,0706,0.034338039,0.528604119,0.125143075,0.229614604,2,Urbanización El Angel del Hogar,0.281397889,0,2
707,Siete de Agosto,0707,0.027357266,0.429111531,0.16857699,0.223816029,3,Siete de Agosto,0.163328197,0,4
708,Los Pinos,0708,0.034341363,0.569858713,0.1973347,0.241607045,2,Los Pinos,0.147969052,2,4
709,San Marino,0709,0.052380952,0.498470948,0.098941799,0.249144812,2,San Marino,0.211671612,0,2
710,Las Ceibas,0710,0.023896766,0.683229814,0.29743508,0.211229494,3,Las Ceibas,0.117425951,2,1
797,Parque de la Caña,0797,0.024390244,0.722222222,0.24796748,0.180257511,3,Parque de la Caña,0.105058366,2,1
798,Fepicol,0798,0.024302679,0.715524718,0.266500967,0.168922896,3,Fepicol,0.10412832,2,1
801,Primitivo Crespo,0801,0.027138643,0.55955956,0.219469027,0.224534161,2,Primitivo Crespo,0.08056338,2,4
802,Simon Bolivar,0802,0.029475198,0.412887828,0.1286844,0.232628399,3,Simón Bolívar,0.067077344,0,4
803,Saavedra Galindo,0803,0.035771704,0.532147743,0.172427653,0.242320819,2,Saavedra Galindo,0.057263643,2,4
804,Rafael Uribe Uribe,0804,0.044785669,0.518737673,0.158029431,0.207907294,2,Rafael Uribe Uribe,0.13229104,0,4
805,Santa Monica Popular,0805,0.028107433,0.655172414,0.29481574,0.21674768,3,Santa Mónica Popular,0.113735609,2,1
806,La Floresta,0806,0.026676639,0.584086799,0.187733732,0.263672391,3,La Floresta,0.063977083,2,4
807,Benjamin Herrera,0807,0.018716578,0.585,0.202444614,0.224103184,3,Benjamín Herrera,0.055009107,2,4
808,Municipal,0808,0.024193548,0.504950495,0.240591398,0.194050992,3,Municipal,0.039089347,2,4
809,Industrial,0809,0.01770695,0.685279188,0.30455954,0.213053613,2,Industrial,0.05959983,2,1
810,El Troncal,0810,0.022037853,0.616322702,0.278195489,0.199318801,3,El Troncal,0.035580524,2,1
811,Las Americas,0811,0.017715333,0.592546584,0.270616982,0.217363549,3,Las Américas,0.04051297,2,1
812,Atanasio Girardot,0812,0.021609418,0.674603175,0.288018062,0.239100817,3,Atanasio Girardot,0.076448829,2,1
813,Santa Fe,0813,0.028614874,0.671258907,0.264030965,0.204167881,3,Santa Fé,0.087110761,2,1
814,Chapinero,0814,0.021606285,0.685393258,0.275207333,0.257064094,3,Chapinero,0.122843921,2,1
815,Villa Colombia,0815,0.022719623,0.73110285,0.301077078,0.257708073,3,Villa Colombia,0.104624838,2,1
816,El Trebol,0816,0.024603175,0.746924429,0.267460317,0.209731544,3,El Trébol,0.171139241,2,1
817,La Base,0817,0.020684169,0.697606538,0.340811456,0.213219259,3,La Base,0.125531269,2,1
818,Urbanizacion La Nueva Base,0818,0.021376657,0.684160757,0.359697877,0.215974538,3,Urbanización La Nueva Base,0.160719077,2,1
901,Alameda,0901,0.02462203,0.701230228,0.312311015,0.180831826,3,Alameda,0.046569647,2,1
902,Bretaña,0902,0.017202995,0.666375546,0.324428253,0.21089297,3,Bretaña,0.041674819,2,1
903,Junin,0903,0.019273128,0.645125958,0.32654185,0.201214224,3,Junín,0.043512868,2,1
904,Guayaquil,0904,0.021517028,0.645141823,0.270897833,0.212441124,3,Guayaquil,0.046183546,2,1
905,Aranjuez,0905,0.028804008,0.630379747,0.266750157,0.209226771,3,Aranjuez,0.041391722,2,1
906,Manuel Maria Buenaventura,0906,0.018024032,0.625,0.29105474,0.313202247,3,Manuel Maria Buenaventura,0.037419355,2,1
907,Santa Monica Belalcazar,0907,0.030201342,0.709090909,0.209731544,0.206463196,3,Santa Mónica Belalcázar,0.131410256,2,1
908,Belalcazar,0908,0.028453608,0.594074074,0.192164948,0.238053866,3,Belalcázar,0.050059125,2,4
909,Sucre,0909,0.052631579,0.431707317,0.08460039,0.206151288,1,Sucre,0.111725664,0,4
910,Barrio Obrero,0910,0.0358116,0.482323232,0.127286882,0.263963591,2,Barrio Obrero,0.035250464,0,4
1001,El Dorado,1001,0.016067777,0.722707424,0.450189892,0.172043011,3,El Dorado,0.076163611,1,0
1002,El Guabal,1002,0.022444262,0.696798976,0.310043994,0.210663097,3,El Guabal,0.075968222,2,1
1003,La Libertad,1003,0.022194039,0.682151589,0.301838935,0.207446809,3,La Libertad,0.089901478,2,1
1004,Santa Elena,1004,0.024807056,0.606376456,0.258177141,0.221551052,3,Santa Elena,0.15441048,2,1
1005,Las Acacias,1005,0.018684604,0.695522388,0.26083707,0.206923682,3,Las Acacias,0.03948313,2,1
1006,Santo Domingo,1006,0.016085791,0.7024,0.319034853,0.214151828,3,Santo Domingo,0.085371085,2,1
1007,Jorge Zawadsky,1007,0.018307567,0.739534884,0.328315704,0.265445249,3,Jorge Zawadsky,0.072972973,2,1
1008,Olimpico,1008,0.018967334,0.788617886,0.474885845,0.179992698,4,Olímpico,0.095286538,1,0
1009,Cristobal Colon,1009,0.024081812,0.650383528,0.323839894,0.200878918,3,Cristóbal Colón,0.112514595,2,1
1010,La Selva,1010,0.01386642,0.713754647,0.406055003,0.192447349,3,La Selva,0.070921986,1,1
1011,Departamental,1011,0.012627291,0.782716049,0.479429735,0.175710047,4,Departamental,0.071667651,1,0
1012,Pasoancho,1012,0.022437532,0.737931034,0.402855686,0.182014001,4,Pasoancho,0.115216334,1,1
1013,Panamericano,1013,0.013906185,0.741451209,0.388335409,0.188650639,3,Panamericano,0.061779897,1,1
1014,Colseguros Andes,1014,0.013950785,0.758139535,0.494671575,0.165686473,4,Colseguros Andes,0.076461769,1,0
1015,San Cristobal,1015,0.024733876,0.586448598,0.268941766,0.210369881,3,San Cristóbal,0.063253012,2,1
1016,Las Granjas,1016,0.01434644,0.735883424,0.382040383,0.19718706,3,Las Granjas,0.051993942,2,1
1017,San Judas Tadeo I,1017,0.034747418,0.571553229,0.212950042,0.24576523,3,San Judas Tadeo I,0.06766618,2,4
1018,San Judas Tadeo II,1018,0.043336592,0.634635692,0.172694689,0.205065926,3,San Judas Tadeo II,0.055762082,2,4
1101,San Carlos,1101,0.025180897,0.656038647,0.2723589,0.20175169,3,San Carlos,0.13288443,2,1
1102,Maracaibo,1102,0.017123288,0.60754717,0.280821918,0.225268176,3,Maracaibo,0.13989071,2,1
1103,La Independencia,1103,0.025606102,0.693339722,0.269000272,0.219084854,3,La Independencia,0.148886284,2,1
1104,La Esperanza,1104,0.030841121,0.680473373,0.213084112,0.240317776,3,La Esperanza,0.174660633,2,1
1105,Urbanizacion Boyaca,1105,0.026995305,0.595121951,0.203051643,0.212360017,3,Urbanización Boyaca,0.11437059,2,4
1106,El Jardin,1106,0.028365027,0.66714388,0.227238925,0.22960963,3,El Jardín,0.143001007,2,1
1107,La Fortaleza,1107,0.031778575,0.684556407,0.209977789,0.21287398,3,La Fortaleza,0.131663974,2,1
1108,El Recuerdo,1108,0.022595223,0.7,0.264041317,0.216142271,3,El Recuerdo,0.103533788,2,1
1109,Aguablanca,1109,0.031482663,0.629424011,0.210806211,0.260545906,3,Aguablanca,0.156838906,2,4
1110,El Prado,1110,0.02212766,0.759312321,0.315744681,0.21942446,3,El Prado,0.315403423,2,1
1111,20 de Julio,1111,0.032061069,0.688963211,0.261577608,0.232899023,3,20 de Julio,0.139795421,2,1
1112,Prados de Oriente,1112,0.02628086,0.719298246,0.302893549,0.238814318,3,Prados de Oriente,0.185260483,2,1
1113,Los Sauces,1113,0.017132698,0.644086022,0.325359625,0.212322922,3,Los Sauces,0.164330818,2,1
1114,Villa del Sur,1114,0.019100907,0.786928105,0.35288443,0.206763088,3,Villa del Sur,0.133370024,2,1
1115,Jose Holguin Garces,1115,0.028637771,0.635443038,0.244582043,0.244062244,3,José Holguín Garcés,0.09272997,2,1
1116,Leon XIII,1116,0.039716312,0.584474886,0.178368794,0.238687783,2,León XIII,0.174042272,0,4
1117,Jose Maria Cordoba,1117,0.026435734,0.642105263,0.237921604,0.207920792,3,José María Córdoba,0.168103448,2,1
1118,San Pedro Claver,1118,0.035736291,0.529707113,0.116451017,0.241871267,2,San Pedro Claver,0.257479862,0,2
1119,Los Conquistadores,1119,0.04969419,0.565128205,0.143730887,0.243164872,2,Los Conquistadores,0.238918919,0,2
1120,La Gran Colombia,1120,0.034554974,0.616099071,0.190575916,0.23575419,2,La Gran Colombia,0.20481336,2,4
1121,San Benito,1121,0.042205323,0.607929515,0.147908745,0.267045455,2,San Benito,0.193767908,0,4
1122,Primavera,1122,0.031662269,0.52669235,0.177911798,0.214141414,2,Primavera,0.145058448,0,4
1201,Villanueva,1201,0.043721973,0.546933667,0.15284006,0.240571655,2,Villanueva,0.169138418,0,4
1202,Asturias,1202,0.024832589,0.583050847,0.174665179,0.299940547,2,Asturias,0.272943038,0,2
1203,Eduardo Santos,1203,0.041635688,0.604777416,0.13197026,0.228857715,2,Eduardo Santos,0.155346569,0,4
1204,Alfonso Barberena A.,1204,0.032662362,0.657615112,0.252563616,0.196694881,2,Alfonso Barberena A.,0.172526278,2,1
1205,El Paraiso,1205,0.024116287,0.663206459,0.234225306,0.211410571,3,El Paraíso,0.08688882,2,1
1206,Fenalco Kennedy,1206,0.024678112,0.75,0.342274678,0.22272216,3,Fenalco Kennedy,0.071428571,2,1
1207,La Nueva Floresta,1207,0.022826615,0.655925156,0.223625277,0.230778085,3,Nueva Floresta,0.159901851,2,1
1208,Julio Rincon,1208,0.031027796,0.614100186,0.172592114,0.246376812,2,Julio Rincón,0.089853301,2,4
1209,Doce de Octubre,1209,0.03853325,0.614942529,0.15382225,0.221594684,3,Doce de Octubre,0.255847953,0,2
1210,El Rodeo,1210,0.036170876,0.610275689,0.144579566,0.245207756,2,El Rodeo,0.123031785,2,4
1211,Sindical,1211,0.026084491,0.640730067,0.206691239,0.311357507,3,Sindical,0.111380145,2,4
1212,Bello Horizonte,1212,0.036730946,0.722397476,0.193755739,0.255360624,3,Bello Horizonte,0.097453907,2,1
1301,Ulpiano Lloreda,1301,0.028606208,0.653674121,0.201054981,0.242339232,2,Ulpiano Lloreda,0.155901576,2,4
1302,El Vergel,1302,0.060555217,0.556153846,0.075655888,0.271542421,1,El Vergel,0.21741899,0,2
1303,El Poblado I,1303,0.040222335,0.608719647,0.13006569,0.243092716,2,El Poblado I,0.202766724,0,4
1304,El Poblado II,1304,0.051545509,0.56433506,0.10017981,0.254106729,2,El Poblado II,0.196666132,0,4
1305,Los Comuneros II,1305,0.040279757,0.617288254,0.128221733,0.236049107,2,Los Comuneros II,0.153864911,0,4
1306,Ricardo Balcazar,1306,0.028299392,0.619909502,0.163713303,0.244393982,2,Ricardo Balcázar,0.097166998,2,4
1307,Omar Torrijos,1307,0.049472296,0.498322148,0.086081794,0.251785714,2,Omar Torrijos,0.174908425,0,4
1308,El Diamante,1308,0.035165813,0.607006369,0.149565992,0.226665075,2,El Diamante,0.117547925,2,4
1309,Lleras Restrepo,1309,0.040275049,0.773913043,0.16502947,0.214587738,2,Lleras Restrepo,0.037998146,2,1
1310,Villa del Lago,1310,0.030672269,0.552423901,0.174789916,0.22965968,3,Villa del Lago,0.189994044,0,4
1311,Los Robles,1311,0.035282258,0.619210978,0.127016129,0.243553629,2,Los Robles,0.179845254,0,4
1312,Rodrigo Lara Bonilla,1312,0.052728614,0.512843224,0.076327434,0.252419355,2,Rodrigo Lara Bonilla,0.15658486,0,4
1313,Charco Azul,1313,0.063674322,0.365853659,0.076200418,0.235492958,1,Charco Azul,0.292874693,0,2
1314,Villablanca,1314,0.045810493,0.555555556,0.096711042,0.25106929,2,Villablanca,0.209447089,0,4
1315,Calipso,1315,0.021487938,0.642640824,0.280356781,0.204966238,3,Calipso,0.094534995,2,1
1390,Yira Castro,1390,0.034756098,0.604477612,0.16402439,0.248194353,2,Yira Castro,0.212729358,0,4
1393,Lleras Restrepo II,1393,0.03751234,0.574850299,0.11994077,0.252747253,1,Lleras Restrepo II,0.161016949,0,4
1394,Marroquin III,1394,0.052972973,0.575144509,0.088108108,0.255621302,2,Marroquín III,0.267306721,0,2
1395,Los Lagos,1395,0.052607778,0.515217391,0.103557431,0.255382087,2,Los Lagos,0.301049685,0,2
1397,Sector Laguna del Pondaje,1397,0.063874346,0.449535193,0.077038145,0.25411726,1,Sector Laguna del Pondaje,0.257672104,0,2
1398,El Pondaje,1398,0.024373957,0.661442006,0.204340568,0.237275986,2,El Pondaje,0.129955947,2,4
1399,Sector Asprosocial - Diamante,1399,0.027671022,0.512974052,0.217524981,0.238174274,2,Sector Asprosocial - Diamante,0.071479628,2,4
1401,Alfonso Bonilla Aragon,1401,0.052387406,0.562392711,0.092994162,0.267611221,1,Alfonso Bonilla Aragón,0.26764578,0,2
1402,Alirio Mora Beltran,1402,0.047169001,0.503571429,0.094166165,0.287592057,2,Alirio Mora Beltrán,0.182662291,0,4
1403,Manuela Beltran,1403,0.057365803,0.396385036,0.077859715,0.278012189,1,Manuela Beltrán,0.347781462,0,2
1404,Las Orquideas,1404,0.052317948,0.630219648,0.080900919,0.27921143,1,Las Orquídeas,0.34758556,0,2
1405,Jose Manuel Marroquin II,1405,0.040272702,0.598635792,0.110697217,0.227765892,2,José Manuel Marroquín II,0.306600053,0,2
1406,Jose Manuel Marroquin I,1406,0.055472803,0.583732645,0.080230109,0.262807234,2,José Manuel Marroquín I,0.30320061,0,2
1495,Puerta del Sol,1495,0.032948533,0.241121495,0.109427609,0.270719667,1,Puerta del Sol,0.258129176,0,2
1496,Los Naranjos,1496,0.025270758,0.662251656,0.121389892,0.242885182,1,Los Naranjos,0.297818792,0,2
1498,Promociones Populares B,1498,0.04534957,0.504166667,0.087444888,0.241798089,1,Promociones Populares B,0.423803741,0,2
1499,Los Naranjos II,1499,0.045023697,0.334703947,0.094239883,0.257672379,1,Los Naranjos II,0.368119845,0,2
1501,El Retiro,1501,0.084914049,0.457460733,0.058684055,0.265185185,1,El Retiro,0.487576375,0,2
1502,Los Comuneros I,1502,0.061769291,0.524227042,0.084275136,0.251701404,2,Los Comuneros I,0.339820766,0,2
1503,Laureano Gomez,1503,0.055461041,0.562526494,0.080809799,0.251253482,1,Laureano Gómez,0.323198733,0,2
1504,El Vallado,1504,0.040152742,0.590757069,0.133649618,0.23912771,2,El Vallado,0.288958581,0,2
1596,Ciudad Cordoba,1596,0.030038843,0.642797169,0.22904618,0.219864098,3,Ciudad Córdoba,0.303056027,0,2
1598,Mojica,1598,0.04602557,0.553657842,0.094830461,0.255676329,1,Mojica,0.263916243,0,2
1599,El Morichal,1599,0.047705003,0.608766119,0.178603662,0.218978873,2,El Morichal,0.327140549,0,2
1601,Mariano Ramos,1601,0.046435541,0.611571646,0.157789002,0.225365974,2,Mariano Ramos,0.161216854,2,4
1602,Republica de Israel,1602,0.040031286,0.662898253,0.186931172,0.20620285,2,República de Israel,0.129915448,2,4
1603,Union de Vivienda Popular,1603,0.038441067,0.598113525,0.139688923,0.21706065,2,Unión de Vivienda Popular,0.15898092,0,4
1604,Antonio Nariño,1604,0.038102959,0.539593417,0.125118227,0.218571738,2,Antonio Nariño,0.161541406,0,4
1605,Brisas del Limonar,1605,0.043865226,0.632027257,0.169739352,0.251550655,2,Brisas del Limonar,0.140298507,2,4
1697,Ciudad 2000,1697,0.017571885,0.804499612,0.489309413,0.162860498,4,Ciudad 2000,0.153360608,1,0
1698,La Alborada,1698,0.015781923,0.701046338,0.433285509,0.17239636,3,La Alborada,0.188405797,1,1
1701,La Playa,1701,0.009174312,0.84,0.536697248,0.162679426,3,La Playa,0.054054054,1,0
1702,Primero de Mayo,1702,0.014346966,0.667161961,0.537598945,0.16712612,4,Primero de Mayo,0.070646134,1,0
1703,Ciudadela Comfandi,1703,0.017684109,0.720647773,0.442344961,0.173194303,3,Ciudadela Comfandi,0.110518999,1,1
1774,Caney,1774,0.015367168,0.700204499,0.534618656,0.159115491,4,Caney,0.10900935,1,0
1775,Lili,1775,0.013874364,0.81838101,0.578714355,0.147135127,4,Lili,0.098936205,1,0
1778,Santa Anita - La Selva,1778,0.010705183,0.659874608,0.603228547,0.140397586,5,Santa Anita - La Selva,0.053331145,1,0
1780,El Ingenio,1780,0.010382005,0.823943662,0.619858911,0.138007482,5,El Ingenio,0.056332606,1,0
1781,Mayapan - Las Vegas,1781,0.011052072,0.741484716,0.615727949,0.137037857,5,Mayapan - Las Vegas,0.05107084,1,0
1782,Las Quintas de Don Simon,1782,0.007070707,0.507399577,0.626767677,0.109887228,5,Las Quintas de Don Simón,0.037426614,1,0
1783,Ciudad Capri,1783,0.010054138,0.657425743,0.586620263,0.139334403,5,Ciudad Capri,0.063661972,1,0
1784,La Hacienda,1784,0.012092534,0.795809524,0.595478444,0.118387348,5,La Hacienda,0.069872503,1,0
1785,Los Portales - Nuevo Rey,1785,0.011093502,0.398148148,0.580559958,0.122584208,5,Los Portales - Nuevo Rey,0.024873096,1,3
1786,Cañaverales - Los Samanes,1786,0.015065318,0.744749596,0.473662031,0.173119469,3,Cañaverales - Los Samanes,0.089150035,1,0
1787,El Limonar,1787,0.010812547,0.78447564,0.552082218,0.138008541,3,El Limonar,0.067517497,1,0
1788,Bosques del Limonar,1788,0.009687034,0.497089639,0.591902633,0.114211886,4,Bosques del Limonar,0.03562831,1,0
1789,El Gran Limonar - Cataya,1789,0.010061242,0.552311436,0.544619423,0.135478024,5,El Gran Limonar - Cataya,0.048490004,1,0
1790,El Gran Limonar,1790,0.007189073,0.451851852,0.561466571,0.119557196,5,El Gran Limonar,0.052486188,1,3
1791,Unicentro Cali,1791,0.006146754,0.847750865,0.625048022,0.139451728,5,Unicentro Cali,0.024535316,1,0
1793,Ciudadela Pasoancho,1793,0.007792208,0.742857143,0.584415584,0.11627907,5,Ciudadela Pasoancho,0.067817509,1,0
1794,Prados del Limonar,1794,0.014109347,0.864615385,0.578042328,0.13411215,4,Prados del Limonar,0.107731305,1,0
1796,Urbanizacion San Joaquin,1796,0.009086779,0.831775701,0.612448887,0.117087101,5,Urbanización San Joaquin,0.049339207,1,0
1801,Buenos Aires,1801,0.027565084,0.76203966,0.369831547,0.180600649,3,Buenos Aires,0.108943688,2,1
1802,Caldas,1802,0.012873563,0.674044266,0.429425287,0.177681992,3,Caldas,0.058087578,1,1
1803,Los Chorros,1803,0.021878335,0.646853147,0.472785486,0.150168729,3,Los Chorros,0.095165394,1,0
1804,Melendez,1804,0.023053666,0.791348601,0.434618292,0.171474359,3,Meléndez,0.057454545,1,0
1805,Los Farallones,1805,0.024925224,0.535211268,0.32003988,0.177083333,3,Los Farallones,0.145992366,2,1
1807,Francisco Eladio Ramirez,1807,0.016379789,0.718134715,0.388395336,0.194656489,3,Francisco Eladio Ramírez,0.123544974,2,1
1808,Prados del Sur,1808,0.033616419,0.606461087,0.142250531,0.22289844,2,Prados del Sur,0.132778702,2,4
1809,Horizontes,1809,0.015,0.858472998,0.439444444,0.180857311,3,Horizontes,0.063492063,1,0
1810,Mario Correa Rengifo,1810,0.041514447,0.454212454,0.102955829,0.215806568,2,Mario Correa Rengifo,0.126677067,0,4
1811,Lourdes,1811,0.031292059,0.547094188,0.192126514,0.185012549,2,Lourdes,0.105729661,2,4
1812,Colinas del Sur,1812,0.01212938,0.766816143,0.314016173,0.23495702,3,Colinas del Sur,0.120822622,2,1
1813,Alferez Real,1813,0.013548847,0.81003861,0.484193012,0.157828914,3,Alférez Real,0.122723133,1,0
1814,Napoles,1814,0.01198466,0.759717314,0.433365292,0.197506234,3,Nápoles,0.087117702,1,0
1815,El Jordan,1815,0.033736153,0.638495359,0.202081235,0.247754222,2,El Jordán,0.084654407,2,4
1816,Cuarteles de Napoles,1816,0.030063291,0.789336801,0.264240506,0.215197216,2,Cuarteles de Nápoles,0.075232047,2,1
1890,Sector Alto de los Chorros,1890,0.052543713,0.447932453,0.115016255,0.229114892,1,Sector Alto de los Chorros,0.089836439,0,4
1891,Polvorines,1891,0.040881001,0.611704231,0.224370147,0.213592233,2,Polvorines,0.134515891,2,4
1896,Sector Melendez,1896,0.018570852,0.822516556,0.370609608,0.192406143,3,Sector Meléndez,0.121223857,1,1
1897,Sector Alto Jordan,1897,0.044813999,0.542740841,0.098176718,0.2230247,1,Sector Alto Jordán,0.064339152,0,4
1898,Alto Napoles,1898,0.039388272,0.60216895,0.159203433,0.222685075,1,Alto Nápoles,0.074453902,2,4
1901,El Refugio,1901,0.010208305,0.836375079,0.613739826,0.141545963,4,El Refugio,0.058189081,1,0
1902,La Cascada,1902,0.010549451,0.885369532,0.601318681,0.142071494,5,La Cascada,0.084076433,1,0
1903,El Lido,1903,0.013341419,0.840554593,0.570244593,0.144358058,5,El Lido,0.046811001,1,0
1904,Urbanizacion Tequendama,1904,0.010876954,0.769383698,0.557783821,0.153335662,5,Urbanización Tequendama,0.031239614,1,0
1905,Eucaristico,1905,0.013756614,0.771084337,0.537037037,0.165664297,4,Eucaristico,0.112202689,1,0
1906,San Fernando Nuevo,1906,0.009473061,0.565517241,0.548253404,0.125,4,San Fernando Nuevo,0.027665706,1,0
1907,Urbanizacion Nueva Granada,1907,0.00984252,0.574358974,0.521161417,0.163617886,4,Urbanización Nueva Granada,0.04608076,1,0
1908,Santa Isabel,1908,0.013198758,0.831292517,0.648809524,0.104505972,4,Santa Isabel,0.034302759,1,0
1909,Bellavista,1909,0.025865665,0.765441751,0.396954526,0.157372713,2,Bellavista,0.050874092,1,1
1910,San Fernando Viejo,1910,0.011012689,0.803030303,0.623174527,0.144124169,4,San Fernando Viejo,0.036440084,1,0
1911,Miraflores,1911,0.014249525,0.824925816,0.550031666,0.160340314,4,Miraflores,0.040233415,1,0
1912,3 de Julio,1912,0.011026878,0.639484979,0.534114404,0.142958748,4,3 de Julio,0.043184885,1,0
1913,El Cedro,1913,0.008980454,0.552486188,0.496566297,0.151465798,4,El Cedro,0.04,1,0
1914,Champagnat,1914,0.009156627,0.530864198,0.480963855,0.156141223,4,Champagnat,0.049976646,1,1
1915,Urbanizacion Colseguros,1915,0.008118531,0.67753304,0.460117719,0.16454892,4,Urbanización Colseguros,0.026098901,1,0
1916,Los Cambulos,1916,0.011299435,0.782738095,0.563276836,0.153258955,4,Los Cámbulos,0.070453304,1,0
1917,El Mortiñal,1917,0.048636699,0.610993658,0.238025055,0.222398729,2,El Mortiñal,0.037088873,2,4
1918,Urbanizacion Militar,1918,0.003710575,0.897959184,0.486085343,0.119230769,4,Urbanización Militar,0.021978022,1,0
1919,Cuarto de Legua - Guadalupe,1919,0.014211274,0.804511278,0.63524396,0.149878345,5,Cuarto de Legua - Guadalupe,0.024942263,1,0
1921,Nueva Tequendama,1921,0.012525162,0.791715976,0.57436815,0.15432526,5,Nueva Tequendama,0.055361813,1,0
1922,Camino Real - Joaquin Borrero Sinisterra,1922,0.014786795,0.804195804,0.573590096,0.146071429,5,Camino Real - Joaquin Borrero Sinisterra,0.042709376,1,0
1923,Camino Real - Los Fundadores,1923,0.012103506,0.782696177,0.595158598,0.118103448,5,Camino Real - Los Fundadores,0.034174125,1,0
1981,Sector Altos de Santa Isabel,1981,0.024729521,0.802816901,0.564142195,0.099889012,6,Sector Altos de Santa Isabel,0.031026253,1,0
1982,Santa Barbara,1982,0.002915452,0.971428571,0.658892128,0.099697885,5,Santa Bárbara,0.048295455,1,0
1983,Tejares - Cristales,1983,0.012919897,0.882352941,0.636175711,0.100107643,6,Tejares - Cristales,0.03030303,1,0
1985,Unidad Residencial El Coliseo,1985,0.017410229,0.815384615,0.601015597,0.1245688,4,Unidad Residencial El Coliseo,0.038328729,1,0
1988,Cañaveralejo - Seguros Patria,1988,0.011312993,0.742537313,0.618786424,0.155586987,5,Cañaveralejo - Seguros Patria,0.066088117,1,0
1992,Cañaveral,1992,0.016806723,0.824175824,0.652661064,0.117391304,6,Cañaveral,0.036241611,1,0
1994,Pampa Linda,1994,0.013491189,0.872679045,0.622246696,0.135963667,5,Pampa Linda,0.045491036,1,0
1995,Sector Cañaveralejo Guadalupe,1995,0.02153432,0.875607386,0.576043069,0.111352133,5,Sector Cañaveralejo Guadalupe,0.046990666,1,0
2001,El Cortijo,2001,0.042833608,0.792207792,0.187808896,0.190641248,2,El Cortijo,0.084375,2,1
2002,Belisario Caicedo,2002,0.023231978,0.693606755,0.296891015,0.166906475,3,Belisario Caicedo,0.029967427,2,1
2003,Siloe,2003,0.060294224,0.546370553,0.096963548,0.259707984,1,Siloé,0.077752748,0,4
2004,Lleras Camargo,2004,0.071738366,0.522568341,0.074199977,0.261296413,1,Lleras Camargo,0.100813544,0,4
2005,Belen,2005,0.050580833,0.531065089,0.119796709,0.231940144,1,Belén,0.03744544,0,4
2006,Brisas de Mayo,2006,0.064640787,0.544314743,0.097488143,0.236602052,1,Brisas de Mayo,0.115025397,0,4
2007,Tierra Blanca,2007,0.07008761,0.451612903,0.052565707,0.258411844,1,Tierra Blanca,0.062427746,0,4
2008,Pueblo Joven,2008,0.054887611,0.666666667,0.08050183,0.206033011,1,Pueblo Joven,0.109744094,2,4
2098,Venezuela - Urbanizacion Cañaveralejo,2098,0.028354633,0.686320755,0.20686901,0.192570453,1,Venezuela - Urbanización Cañaveralejo,0.046037736,2,1
2099,La Sultana,2099,0.085724798,0.471974005,0.04415011,0.265166734,1,La Sultana,0.049437436,0,4
2101,Pizamos I,2101,0.070295602,0.405714286,0.046863735,0.307293743,1,Pizamos I,0.422498365,0,2
2102,Pizamos II,2102,0.062599229,0.406813627,0.069630302,0.266766767,1,Pizamos II,0.406821963,0,2
2103,Calimio Desepaz,2103,0.03856273,0.583771056,0.148462753,0.226663397,1,Calimio Desepaz,0.2674972,0,2
2104,El Remanso,2104,0.041382923,0.606535058,0.167365113,0.250212284,1,El Remanso,0.300902219,0,2
2105,Los Lideres,2105,0.047258297,0.574074074,0.142496392,0.274387874,1,Los Lideres,0.373663102,0,2
2106,Desepaz Invicali,2106,0.077416268,0.536155203,0.092822967,0.250371313,1,Desepaz Invicali,0.484721128,0,2
2107,Compartir,2107,0.033861589,0.617665225,0.178884962,0.215903556,1,Compartir,0.280808729,0,2
2108,Ciudad Talanga,2108,0.031807824,0.622613803,0.175845044,0.210402616,1,Ciudad Talanga,0.312160356,0,2
2194,Villamercedes I - Villa Luz - Las Garzas,2194,0.067474747,0.405,0.062222222,0.274819495,1,Villamercedes I - Villa Luz - Las Garzas,0.486476473,0,2
2195,Pizamos III - Las Dalias,2195,0.045038168,0.469090909,0.083206107,0.251461988,1,Pizamos III - Las Dalias,0.338194444,0,2
2196,Potrero Grande,2196,0.098165592,0.41643454,0.029846306,0.292020563,1,Potrero Grande,0.578527937,0,2
2197,Ciudadela del Rio - CVC,2197,0.036811201,0.600824257,0.161020777,0.210059531,2,Ciudadela del Rio - CVC,0.202780997,0,4
2198,Valle Grande,2198,0.024754902,0.647128478,0.210416667,0.194580954,2,Valle Grande,0.202639617,2,4
2201,Urbanizacion Ciudad Jardin,2201,0.014332966,0.922204214,0.625799338,0.110648148,6,Urbanización Ciudad Jardín,0.042112014,1,0
2296,Parcelaciones Pance,2296,0.017184265,0.940006122,0.61252588,0.098884101,6,Parcelaciones Pance,0.039455514,1,0
2297,Urbanizacion Rio Lili,2297,0.017212285,0.897862233,0.57036787,0.106169297,6,Urbanización Rio Lili,0.082853487,1,0
2298,Ciudad Campestre,2298,0.011712214,0.917808219,0.619074177,0.113675707,6,Ciudad Campestre,0.033677349,1,0
2299,Club Campestre,2299,0.008086253,0.864864865,0.644204852,0.093663912,6,Club Campestre,0.026246719,1,0
